ENSG00000148584,A1CF,10,50799409,50885675,-
ENSG00000136754,ABI1,10,26746593,26861087,-
ENSG00000097007,ABL1,9,130713946,130887675,+
ENSG00000143322,ABL2,1,179099327,179229684,-
ENSG00000144476,ACKR3,2,236567787,236582358,+
ENSG00000123983,ACSL3,2,222860934,222944639,+
ENSG00000164398,ACSL6,5,131949973,132012243,-
ENSG00000115170,ACVR1,2,157736444,157875862,-
ENSG00000121989,ACVR2A,2,147844517,147930826,+
ENSG00000172493,AFF1,4,86935002,87141054,+
ENSG00000144218,AFF3,2,99545419,100142739,-
ENSG00000072364,AFF4,5,132875379,132963634,-
ENSG00000127914,AKAP9,7,91940867,92110673,+
ENSG00000142208,AKT1,14,104769349,104795751,-
ENSG00000105221,AKT2,19,40230317,40285536,-
ENSG00000117020,AKT3,1,243488233,243851079,-
ENSG00000111275,ALDH2,12,111766887,111817529,+
ENSG00000171094,ALK,2,29192774,29921566,-
ENSG00000184675,AMER1,X,64185117,64205744,-
ENSG00000029534,ANK1,8,41653220,41896762,-
ENSG00000134982,APC,5,112707498,112846239,+
ENSG00000179750,APOBEC3B,22,38982347,38992804,+
ENSG00000169083,AR,X,67544032,67730619,+
ENSG00000078061,ARAF,X,47561100,47571920,+
ENSG00000145819,ARHGAP26,5,142770377,143229011,+
ENSG00000100852,ARHGAP5,14,32076114,32159728,+
ENSG00000104728,ARHGEF10,8,1823976,1958641,+
ENSG00000074964,ARHGEF10L,1,17539835,17697874,+
ENSG00000196914,ARHGEF12,11,120336914,120489936,+
ENSG00000117713,ARID1A,1,26693236,26782110,+
ENSG00000049618,ARID1B,6,156777374,157210779,+
ENSG00000189079,ARID2,12,45729665,45908040,+
ENSG00000143437,ARNT,1,150809705,150876768,-
ENSG00000169696,ASPSCR1,17,81976807,82017406,+
ENSG00000171456,ASXL1,20,32358330,32439319,+
ENSG00000143970,ASXL2,2,25733753,25878516,-
ENSG00000123268,ATF1,12,50763710,50821122,+
ENSG00000138363,ATIC,2,215311817,215349773,+
ENSG00000149311,ATM,11,108222484,108369102,+
ENSG00000163399,ATP1A1,1,116372668,116410261,+
ENSG00000067842,ATP2B3,X,153517676,153582939,+
ENSG00000175054,ATR,3,142449235,142578826,-
ENSG00000085224,ATRX,X,77504878,77786269,-
ENSG00000103126,AXIN1,16,287440,352673,-
ENSG00000168646,AXIN2,17,65528563,65561647,-
ENSG00000166710,B2M,15,44711477,44718877,+
ENSG00000163930,BAP1,3,52401013,52410350,-
ENSG00000138376,BARD1,2,214725646,214809711,-
ENSG00000087088,BAX,19,48954815,48961798,+
ENSG00000198604,BAZ1A,14,34752731,34875647,-
ENSG00000142867,BCL10,1,85266248,85277090,-
ENSG00000119866,BCL11A,2,60450520,60555154,-
ENSG00000127152,BCL11B,14,99169287,99271524,-
ENSG00000171791,BCL2,18,63123346,63320128,-
ENSG00000126453,BCL2L12,19,49665142,49673916,+
ENSG00000069399,BCL3,19,44747705,44760044,+
ENSG00000113916,BCL6,3,187721377,187745727,-
ENSG00000110987,BCL7A,12,122019422,122062044,+
ENSG00000116128,BCL9,1,147541412,147626216,+
ENSG00000186174,BCL9L,11,118893875,118925608,-
ENSG00000029363,BCLAF1,6,136256627,136289851,-
ENSG00000183337,BCOR,X,40049815,40177329,-
ENSG00000085185,BCORL1,X,129981107,130058083,+
ENSG00000186716,BCR,22,23179704,23318037,+
ENSG00000023445,BIRC3,11,102317450,102339403,+
ENSG00000115760,BIRC6,2,32357028,32618899,+
ENSG00000197299,BLM,15,90717327,90816165,+
ENSG00000112175,BMP5,6,55753645,55875564,-
ENSG00000107779,BMPR1A,10,86756601,86932838,+
ENSG00000157764,BRAF,7,140719327,140924928,-
ENSG00000012048,BRCA1,17,43044295,43170245,-
ENSG00000139618,BRCA2,13,32315474,32400266,+
ENSG00000169925,BRD3,9,134030305,134068535,-
ENSG00000141867,BRD4,19,15235519,15332545,-
ENSG00000136492,BRIP1,17,61681266,61863521,-
ENSG00000133639,BTG1,12,92140278,92145897,-
ENSG00000010671,BTK,X,101349447,101390796,-
ENSG00000156970,BUB1B,15,40161023,40221136,+
ENSG00000261652,C15orf65,15,55408548,55418764,+
ENSG00000163026,C2orf44,2,24029340,24049575,-
ENSG00000157388,CACNA1D,3,53328963,53813733,+
ENSG00000179218,CALR,19,12938578,12944489,+
ENSG00000171735,CAMTA1,1,6785324,7769706,+
ENSG00000171302,CANT1,17,78991717,79009867,-
ENSG00000198286,CARD11,7,2906141,3043945,-
ENSG00000110619,CARS,11,3000922,3057613,-
ENSG00000137812,CASC5,15,40594020,40664342,+
ENSG00000164305,CASP3,4,184627696,184649509,-
ENSG00000064012,CASP8,2,201233443,201287711,+
ENSG00000132906,CASP9,1,15490832,15526534,-
ENSG00000129993,CBFA2T3,16,88874858,88977204,-
ENSG00000067955,CBFB,16,67029116,67101058,+
ENSG00000110395,CBL,11,119206276,119313926,+
ENSG00000114423,CBLB,3,105655461,105869552,-
ENSG00000142273,CBLC,19,44777869,44800634,+
ENSG00000108091,CCDC6,10,59788763,59906656,-
ENSG00000100814,CCNB1IP1,14,20311368,20333312,-
ENSG00000112237,CCNC,6,99542380,99568973,-
ENSG00000110092,CCND1,11,69641087,69654474,+
ENSG00000118971,CCND2,12,4273772,4305350,+
ENSG00000112576,CCND3,6,41934933,42050357,-
ENSG00000105173,CCNE1,19,29811898,29824308,+
ENSG00000183813,CCR4,3,32951574,32956349,+
ENSG00000126353,CCR7,17,40553769,40565472,-
ENSG00000090659,CD209,19,7739994,7747564,-
ENSG00000120217,CD274,9,5450503,5470566,+
ENSG00000178562,CD28,2,203706475,203738912,+
ENSG00000019582,CD74,5,150401637,150412929,-
ENSG00000105369,CD79A,19,41877120,41881372,+
ENSG00000007312,CD79B,17,63928740,63932354,-
ENSG00000134371,CDC73,1,193121997,193253901,+
ENSG00000039068,CDH1,16,68737225,68835548,+
ENSG00000040731,CDH10,5,24487100,24644978,-
ENSG00000140937,CDH11,16,64943753,65126112,-
ENSG00000079112,CDH17,8,94127171,94217303,-
ENSG00000167258,CDK12,17,39461511,39564907,+
ENSG00000135446,CDK4,12,57747727,57756013,-
ENSG00000105810,CDK6,7,92604921,92836594,-
ENSG00000124762,CDKN1A,6,36676460,36687339,+
ENSG00000111276,CDKN1B,12,12715058,12722371,+
ENSG00000147889,CDKN2A,9,21967753,21995301,-
ENSG00000123080,CDKN2C,1,50960745,50974633,+
ENSG00000165556,CDX2,13,27962137,27971139,-
ENSG00000245848,CEBPA,19,33299934,33302564,-
ENSG00000121289,CEP89,19,32875925,32971991,-
ENSG00000170791,CHCHD7,8,56211686,56218798,+
ENSG00000173575,CHD2,15,92900189,93028005,+
ENSG00000111642,CHD4,12,6570082,6614524,-
ENSG00000183765,CHEK2,22,28687743,28742422,-
ENSG00000109220,CHIC2,4,54009789,54064690,-
ENSG00000171310,CHST11,12,104455295,104762014,+
ENSG00000079432,CIC,19,42268537,42295797,+
ENSG00000179583,CIITA,16,10866222,10943021,+
ENSG00000130779,CLIP1,12,122271432,122422632,-
ENSG00000172409,CLP1,11,57648992,57661868,+
ENSG00000141367,CLTC,17,59619689,59696956,+
ENSG00000070371,CLTCL1,22,19179473,19291716,-
ENSG00000176571,CNBD1,8,86866442,87615219,+
ENSG00000169714,CNBP,3,129169484,129183922,-
ENSG00000088038,CNOT3,19,54137717,54155708,+
ENSG00000174469,CNTNAP2,7,146116002,148420998,+
ENSG00000119397,CNTRL,9,121074863,121177610,+
ENSG00000108821,COL1A1,17,50183289,50201632,-
ENSG00000139219,COL2A1,12,47972965,48004554,-
ENSG00000168542,COL3A1,2,188974320,189012746,+
ENSG00000164919,COX6C,8,99873200,99894062,-
ENSG00000107864,CPEB3,10,92046692,92291087,-
ENSG00000118260,CREB1,2,207529737,207603431,+
ENSG00000157613,CREB3L1,11,46277661,46321422,+
ENSG00000182158,CREB3L2,7,137874979,138002067,-
ENSG00000005339,CREBBP,16,3725054,3880726,-
ENSG00000205755,CRLF2,X,1187549,1212750,-
ENSG00000101343,CRNKL1,20,20034368,20056046,-
ENSG00000105662,CRTC1,19,18683677,18782333,+
ENSG00000140577,CRTC3,15,90529925,90645345,+
ENSG00000182578,CSF1R,5,150053291,150113372,-
ENSG00000119535,CSF3R,1,36466043,36483278,-
ENSG00000164796,CSMD3,8,112222928,113437099,-
ENSG00000102974,CTCF,16,67562407,67639185,+
ENSG00000066032,CTNNA2,2,79185231,80648861,+
ENSG00000168036,CTNNB1,3,41194741,41260096,+
ENSG00000198561,CTNND1,11,57753243,57819546,+
ENSG00000169862,CTNND2,5,10971840,11904043,-
ENSG00000036257,CUL3,2,224470150,224585397,-
ENSG00000257923,CUX1,7,101815904,102283958,+
ENSG00000121966,CXCR4,2,136114349,136118165,-
ENSG00000083799,CYLD,16,50742050,50801935,+
ENSG00000138115,CYP2C8,10,95036772,95069497,-
ENSG00000152207,CYSLTR2,13,48653711,48711226,+
ENSG00000204209,DAXX,6,33318558,33323016,-
ENSG00000198354,DCAF12L2,X,126163499,126166097,-
ENSG00000187323,DCC,18,52340172,53535903,+
ENSG00000204843,DCTN1,2,74361154,74392087,-
ENSG00000134574,DDB2,11,47214465,47239240,+
ENSG00000175197,DDIT3,12,57516588,57521737,-
ENSG00000162733,DDR2,1,162631373,162787400,+
ENSG00000178105,DDX10,11,108665025,108940930,+
ENSG00000215301,DDX3X,X,41333284,41364472,+
ENSG00000108654,DDX5,17,64499616,64508199,-
ENSG00000110367,DDX6,11,118747766,118791149,-
ENSG00000124795,DEK,6,18223868,18264823,-
ENSG00000128191,DGCR8,22,20080232,20111877,+
ENSG00000100697,DICER1,14,95086228,95158010,-
ENSG00000132002,DNAJB1,19,14514770,14529770,-
ENSG00000079805,DNM2,19,10718079,10833488,+
ENSG00000119772,DNMT3A,2,25227855,25342590,-
ENSG00000113360,DROSHA,5,31400497,31532196,-
ENSG00000280757,DUX4L1,4,190084412,190085686,+
ENSG00000164330,EBF1,5,158695916,159099761,-
ENSG00000203734,ECT2L,6,138795926,138904070,+
ENSG00000074266,EED,11,86244544,86278813,+
ENSG00000146648,EGFR,7,55019021,55211628,+
ENSG00000173674,EIF1AX,X,20124518,20141844,-
ENSG00000104408,EIF3E,8,108201216,108435333,-
ENSG00000156976,EIF4A2,3,186783205,186789900,+
ENSG00000163435,ELF3,1,202007945,202017188,+
ENSG00000102034,ELF4,X,130064874,130110716,-
ENSG00000158711,ELK4,1,205597556,205631962,-
ENSG00000105656,ELL,19,18442663,18522127,-
ENSG00000049540,ELN,7,74027789,74069907,+
ENSG00000143924,EML4,2,42169350,42332548,+
ENSG00000100393,EP300,22,41091786,41180079,+
ENSG00000116016,EPAS1,2,46293667,46386703,+
ENSG00000044524,EPHA3,3,89107524,89482134,+
ENSG00000135333,EPHA7,6,93240020,93419547,-
ENSG00000085832,EPS15,1,51354263,51519328,-
ENSG00000141736,ERBB2,17,39687914,39730426,+
ENSG00000065361,ERBB3,12,56076799,56103505,+
ENSG00000178568,ERBB4,2,211375717,212538841,-
ENSG00000082805,ERC1,12,990509,1495933,+
ENSG00000104884,ERCC2,19,45349837,45370918,-
ENSG00000163161,ERCC3,2,127257290,127294176,-
ENSG00000175595,ERCC4,16,13920157,13952345,+
ENSG00000134899,ERCC5,13,102807146,102876001,+
ENSG00000157554,ERG,21,38380027,38661780,-
ENSG00000091831,ESR1,6,151656691,152129619,+
ENSG00000139163,ETNK1,12,22625075,22690665,+
ENSG00000006468,ETV1,7,13891228,13991425,-
ENSG00000175832,ETV4,17,43527844,43579620,-
ENSG00000244405,ETV5,3,186046308,186110318,-
ENSG00000139083,ETV6,12,11649854,11895402,+
ENSG00000182944,EWSR1,22,29268009,29300525,+
ENSG00000182197,EXT1,8,117794490,118111853,-
ENSG00000151348,EXT2,11,44095549,44245429,+
ENSG00000106462,EZH2,7,148807383,148884321,-
ENSG00000092820,EZR,6,158765741,158819412,-
ENSG00000159784,FAM131B,7,143353400,143362770,-
ENSG00000147724,FAM135B,8,138130023,138496822,-
ENSG00000183508,FAM46C,1,117605934,117628372,+
ENSG00000198173,FAM47C,X,37008397,37011666,+
ENSG00000187741,FANCA,16,89737549,89816657,-
ENSG00000158169,FANCC,9,95099054,95426796,-
ENSG00000144554,FANCD2,3,10026414,10101930,+
ENSG00000112039,FANCE,6,35452361,35467103,+
ENSG00000183161,FANCF,11,22622519,22626787,-
ENSG00000221829,FANCG,9,35073835,35080016,-
ENSG00000026103,FAS,10,88990582,89015785,+
ENSG00000083857,FAT1,4,186587783,186726722,-
ENSG00000165323,FAT3,11,92352096,92896470,+
ENSG00000196159,FAT4,4,125316399,125492932,+
ENSG00000163520,FBLN2,3,13549131,13638422,+
ENSG00000138081,FBXO11,2,47789316,47905793,-
ENSG00000109670,FBXW7,4,152320544,152536063,-
ENSG00000072694,FCGR2B,1,161663147,161678654,+
ENSG00000163518,FCRL4,1,157573749,157598080,-
ENSG00000168496,FEN1,11,61792637,61797244,+
ENSG00000182511,FES,15,90883695,90895776,+
ENSG00000163497,FEV,2,218981087,218985657,-
ENSG00000077782,FGFR1,8,38411138,38468834,-
ENSG00000213066,FGFR1OP,6,166999182,167094789,+
ENSG00000066468,FGFR2,10,121478334,121598458,-
ENSG00000068078,FGFR3,4,1793293,1808872,+
ENSG00000160867,FGFR4,5,177086886,177098144,+
ENSG00000091483,FH,1,241497603,241519761,-
ENSG00000189283,FHIT,3,59749310,61251459,-
ENSG00000145216,FIP1L1,4,53377643,53460861,+
ENSG00000122642,FKBP9,7,32957404,33006931,+
ENSG00000154803,FLCN,17,17212212,17237188,-
ENSG00000151702,FLI1,11,128686535,128813267,+
ENSG00000196924,FLNA,X,154348524,154374638,-
ENSG00000122025,FLT3,13,28003274,28100592,-
ENSG00000037280,FLT4,5,180601506,180649624,-
ENSG00000187239,FNBP1,9,129887187,130043194,-
ENSG00000129514,FOXA1,14,37589984,37596059,-
ENSG00000183770,FOXL2,3,138944224,138947140,-
ENSG00000150907,FOXO1,13,40469953,40666597,-
ENSG00000118689,FOXO3,6,108559835,108684774,+
ENSG00000184481,FOXO4,X,71096197,71103535,+
ENSG00000114861,FOXP1,3,70952817,71583993,-
ENSG00000176302,FOXR1,11,118971707,118981291,+
ENSG00000070404,FSTL3,19,676365,683399,+
ENSG00000162613,FUBP1,1,77944055,77979110,-
ENSG00000089280,FUS,16,31180110,31194871,+
ENSG00000007237,GAS7,17,9910609,10198551,-
ENSG00000102145,GATA1,X,48786554,48794311,+
ENSG00000179348,GATA2,3,128479427,128493185,-
ENSG00000107485,GATA3,10,8045378,8075203,+
ENSG00000111087,GLI1,12,57460135,57472262,+
ENSG00000163655,GMPS,3,155870536,155944026,+
ENSG00000088256,GNA11,19,3094410,3124004,+
ENSG00000156052,GNAQ,9,77716087,78031458,-
ENSG00000087460,GNAS,20,58839718,58911192,+
ENSG00000066455,GOLGA5,14,92794231,92839963,+
ENSG00000047932,GOPC,6,117560269,117602542,-
ENSG00000147257,GPC3,X,133535745,133985895,-
ENSG00000179399,GPC5,13,91398607,92873682,+
ENSG00000171723,GPHN,14,66507407,67181803,+
ENSG00000183454,GRIN2A,16,9753404,10182754,-
ENSG00000198822,GRM3,7,86643914,86864884,+
ENSG00000163041,H3F3A,1,226061851,226072001,+
ENSG00000132475,H3F3B,17,75776434,75785893,-
ENSG00000051108,HERPUD1,16,56932048,56944863,+
ENSG00000164683,HEY1,8,79764010,79767863,-
ENSG00000100644,HIF1A,14,61695513,61748259,+
ENSG00000127946,HIP1,7,75533300,75738962,-
ENSG00000274267,HIST1H3B,6,26031650,26032060,-
ENSG00000276180,HIST1H4I,6,27138588,27139881,+
ENSG00000206503,HLA-A,6,29941260,29945884,+
ENSG00000108924,HLF,17,55265012,55325065,+
ENSG00000137309,HMGA1,6,34236873,34246231,+
ENSG00000149948,HMGA2,12,65824131,65966295,+
ENSG00000179362,HMGN2P46,15,45511136,45586290,+
ENSG00000135100,HNF1A,12,120978543,121002512,+
ENSG00000122566,HNRNPA2B1,7,26189927,26201529,-
ENSG00000168172,HOOK3,8,42896932,43030539,+
ENSG00000005073,HOXA11,7,27181510,27185223,-
ENSG00000106031,HOXA13,7,27193503,27200106,-
ENSG00000078399,HOXA9,7,27162435,27175180,-
ENSG00000123388,HOXC11,12,53973126,53977643,+
ENSG00000123364,HOXC13,12,53938765,53946544,+
ENSG00000128713,HOXD11,2,176104216,176109754,+
ENSG00000128714,HOXD13,2,176092891,176095938,+
ENSG00000174775,HRAS,11,532242,537287,-
ENSG00000080824,HSP90AA1,14,102080738,102139699,-
ENSG00000096384,HSP90AB1,6,44246166,44253888,+
ENSG00000117318,ID3,1,23557918,23559794,-
ENSG00000138413,IDH1,2,208236227,208266074,-
ENSG00000182054,IDH2,15,90083045,90102504,-
ENSG00000073792,IGF2BP2,3,185643739,185825056,-
ENSG00000104365,IKBKB,8,42271302,42332653,+
ENSG00000185811,IKZF1,7,50304068,50405101,+
ENSG00000109471,IL2,4,122451470,122456725,-
ENSG00000103522,IL21R,16,27402162,27452042,+
ENSG00000134352,IL6ST,5,55935095,55994993,-
ENSG00000168685,IL7R,5,35852695,35879603,+
ENSG00000137265,IRF4,6,391739,411447,+
ENSG00000133124,IRS4,X,108732482,108736409,-
ENSG00000175329,ISX,22,35066136,35087387,+
ENSG00000138448,ITGAV,2,186590065,186680901,+
ENSG00000113263,ITK,5,157142933,157255191,+
ENSG00000162434,JAK1,1,64833229,64966504,-
ENSG00000096968,JAK2,9,4984390,5128183,+
ENSG00000105639,JAK3,19,17824780,17848071,-
ENSG00000153814,JAZF1,7,27830573,28180743,-
ENSG00000177606,JUN,1,58780788,58784327,-
ENSG00000083168,KAT6A,8,41929479,42051990,-
ENSG00000156650,KAT6B,10,74825582,75032622,+
ENSG00000136504,KAT7,17,49788555,49835030,+
ENSG00000120457,KCNJ5,11,128891356,128921035,+
ENSG00000073614,KDM5A,12,280129,389454,-
ENSG00000126012,KDM5C,X,53191321,53225422,-
ENSG00000147050,KDM6A,X,44873177,45112602,+
ENSG00000128052,KDR,4,55078259,55125595,-
ENSG00000119537,KDSR,18,63327726,63367510,-
ENSG00000079999,KEAP1,19,10486120,10503741,-
ENSG00000122778,KIAA1549,7,138831381,138981318,-
ENSG00000187164,KIAA1598,10,116881482,117126586,-
ENSG00000170759,KIF5B,10,32009010,32056431,-
ENSG00000157404,KIT,4,54657918,54740715,+
ENSG00000136826,KLF4,9,107484852,107490482,-
ENSG00000067082,KLF6,10,3775996,3785281,-
ENSG00000167751,KLK2,19,50861568,50880567,+
ENSG00000118058,KMT2A,11,118436490,118526832,+
ENSG00000055609,KMT2C,7,152134922,152436005,-
ENSG00000167548,KMT2D,12,49018975,49059774,-
ENSG00000128944,KNSTRN,15,40382721,40394246,+
ENSG00000133703,KRAS,12,25204789,25250936,-
ENSG00000126777,KTN1,14,55559072,55701526,+
ENSG00000107929,LARP4B,10,806914,931705,-
ENSG00000002834,LASP1,17,38869859,38921770,+
ENSG00000131023,LATS1,6,149658153,149718256,-
ENSG00000150457,LATS2,13,20973032,21061547,-
ENSG00000182866,LCK,1,32251239,32286165,+
ENSG00000136167,LCP1,13,46125920,46211871,-
ENSG00000138795,LEF1,4,108047545,108168956,-
ENSG00000104660,LEPROTL1,8,30095398,30177208,+
ENSG00000183722,LHFP,13,39342892,39603528,-
ENSG00000113594,LIFR,5,38474963,38608354,-
ENSG00000160789,LMNA,1,156082573,156140089,+
ENSG00000166407,LMO1,11,8224304,8268716,-
ENSG00000135363,LMO2,11,33858576,33892289,-
ENSG00000145012,LPP,3,188153284,188890671,+
ENSG00000139263,LRIG3,12,58872149,58920522,-
ENSG00000168702,LRP1B,2,140231423,142131701,-
ENSG00000257103,LSM14A,19,34172504,34229515,+
ENSG00000104903,LYL1,19,13099033,13103161,-
ENSG00000099949,LZTR1,22,20982013,20999038,+
ENSG00000183742,MACC1,7,20134655,20217404,-
ENSG00000178573,MAF,16,79585843,79600714,-
ENSG00000204103,MAFB,20,40685848,40689240,-
ENSG00000251562,MALAT1,11,65497688,65506516,+
ENSG00000172175,MALT1,18,58671386,58754477,+
ENSG00000184384,MAML2,11,95976598,96343180,-
ENSG00000169032,MAP2K1,15,66386817,66492312,+
ENSG00000126934,MAP2K2,19,4090321,4124129,-
ENSG00000065559,MAP2K4,17,12020824,12143830,+
ENSG00000095015,MAP3K1,5,56815574,56896152,+
ENSG00000073803,MAP3K13,3,185282941,185489097,+
ENSG00000100030,MAPK1,22,21754500,21867680,-
ENSG00000125952,MAX,14,65006174,65102695,-
ENSG00000180611,MB21D2,3,192796815,192918161,-
ENSG00000135679,MDM2,12,68808176,68850686,+
ENSG00000198625,MDM4,1,204516379,204558120,+
ENSG00000197880,MDS2,1,23581495,23640568,+
ENSG00000085276,MECOM,3,169083499,169663618,-
ENSG00000184634,MED12,X,71118556,71142454,+
ENSG00000133895,MEN1,11,64803510,64811294,-
ENSG00000105976,MET,7,116672390,116798386,+
ENSG00000170430,MGMT,10,129467184,129768007,+
ENSG00000187098,MITF,3,69739435,69968337,+
ENSG00000196588,MKL1,22,40410281,40636702,-
ENSG00000178053,MLF1,3,158571163,158607252,+
ENSG00000076242,MLH1,3,36993332,37050918,+
ENSG00000130382,MLLT1,19,6210379,6279948,-
ENSG00000078403,MLLT10,10,21524675,21743630,+
ENSG00000213190,MLLT11,1,151057758,151068497,+
ENSG00000171843,MLLT3,9,20341665,20622543,-
ENSG00000130396,MLLT4,6,167826922,167972023,+
ENSG00000275023,MLLT6,17,38705542,38729803,+
ENSG00000169184,MN1,22,27748277,27801498,-
ENSG00000130675,MNX1,7,156994051,157010651,-
ENSG00000117400,MPL,1,43337849,43352772,+
ENSG00000095002,MSH2,2,47402969,47663146,+
ENSG00000116062,MSH6,2,47695530,47810101,+
ENSG00000153944,MSI2,17,57255851,57684685,+
ENSG00000147065,MSN,X,65588377,65741931,+
ENSG00000214827,MTCP1,X,155061622,155147937,-
ENSG00000198793,MTOR,1,11106535,11262507,-
ENSG00000185499,MUC1,1,155185824,155192916,-
ENSG00000181143,MUC16,19,8848844,8981342,-
ENSG00000145113,MUC4,3,195746765,195812277,-
ENSG00000132781,MUTYH,1,45329163,45340470,-
ENSG00000118513,MYB,6,135181315,135219173,+
ENSG00000136997,MYC,8,127735434,127741434,+
ENSG00000116990,MYCL,1,39895426,39902256,-
ENSG00000134323,MYCN,2,15940564,15947007,+
ENSG00000172936,MYD88,3,38138478,38143022,+
ENSG00000133392,MYH11,16,15703172,15857033,-
ENSG00000100345,MYH9,22,36281277,36388067,-
ENSG00000197535,MYO5A,15,52307283,52529050,-
ENSG00000129152,MYOD1,11,17719568,17722131,+
ENSG00000078177,N4BP2,4,40056826,40158252,+
ENSG00000166886,NAB2,12,57088894,57095476,+
ENSG00000196531,NACA,12,56712428,56731628,-
ENSG00000172915,NBEA,13,34942287,35673022,+
ENSG00000104320,NBN,8,89933336,90003228,-
ENSG00000213672,NCKIPSD,3,48673844,48686364,-
ENSG00000084676,NCOA1,2,24491914,24770702,+
ENSG00000140396,NCOA2,8,70109762,70403805,-
ENSG00000266412,NCOA4,10,46005088,46030714,-
ENSG00000141027,NCOR1,17,16029157,16218185,-
ENSG00000196498,NCOR2,12,124324415,124567589,-
ENSG00000104419,NDRG1,8,133237171,133302022,-
ENSG00000196712,NF1,17,31094927,31382116,+
ENSG00000186575,NF2,22,29603556,29698598,+
ENSG00000101096,NFATC2,20,51386957,51562831,-
ENSG00000116044,NFE2L2,2,177227595,177392697,-
ENSG00000147862,NFIB,9,14081843,14398983,-
ENSG00000077150,NFKB2,10,102394110,102402529,+
ENSG00000146232,NFKBIE,6,44258166,44265788,-
ENSG00000100503,NIN,14,50719763,50831121,-
ENSG00000136352,NKX2-1,14,36516392,36521149,-
ENSG00000147140,NONO,X,71283192,71301168,+
ENSG00000148400,NOTCH1,9,136494433,136545786,-
ENSG00000134250,NOTCH2,1,119911553,120069626,-
ENSG00000181163,NPM1,5,171387116,171411137,+
ENSG00000119508,NR4A3,9,99821855,99866891,+
ENSG00000213281,NRAS,1,114704469,114716894,-
ENSG00000157168,NRG1,8,31639386,32767959,+
ENSG00000165671,NSD1,5,177133025,177300215,+
ENSG00000076685,NT5C2,10,103088017,103193306,-
ENSG00000065057,NTHL1,16,2039815,2047866,-
ENSG00000198400,NTRK1,1,156815640,156881850,+
ENSG00000140538,NTRK3,15,87859751,88256768,-
ENSG00000137497,NUMA1,11,72002864,72080693,-
ENSG00000126883,NUP214,9,131125561,131234670,+
ENSG00000110713,NUP98,11,3671083,3797792,-
ENSG00000184507,NUTM1,15,34343315,34357737,+
ENSG00000184923,NUTM2A,10,87225448,87236908,+
ENSG00000188199,NUTM2B,10,79703227,79714681,+
ENSG00000205927,OLIG2,21,33025845,33029196,+
ENSG00000127083,OMD,9,92414245,92424461,-
ENSG00000182162,P2RY8,X,1462572,1537107,-
ENSG00000070756,PABPC1,8,100685816,100722809,-
ENSG00000168092,PAFAH1B2,11,117144267,117176894,+
ENSG00000083093,PALB2,16,23603160,23641310,-
ENSG00000135903,PAX3,2,222199888,222298996,-
ENSG00000196092,PAX5,9,36833275,37034185,-
ENSG00000009709,PAX7,1,18631006,18748866,+
ENSG00000125618,PAX8,2,113215997,113278950,-
ENSG00000163939,PBRM1,3,52545352,52685917,-
ENSG00000185630,PBX1,1,164555584,164899296,+
ENSG00000169564,PCBP1,2,70087454,70089203,+
ENSG00000078674,PCM1,8,17922840,18029944,+
ENSG00000197646,PDCD1LG2,9,5510570,5571254,+
ENSG00000178104,PDE4DIP,1,148808181,149048286,+
ENSG00000100311,PDGFB,22,39223359,39244751,-
ENSG00000134853,PDGFRA,4,54229097,54298247,+
ENSG00000113721,PDGFRB,5,150113837,150155872,-
ENSG00000179094,PER1,17,8140472,8156506,-
ENSG00000156531,PHF6,X,134373253,134428791,+
ENSG00000109132,PHOX2B,4,41744082,41748970,-
ENSG00000073921,PICALM,11,85957684,86069882,-
ENSG00000121879,PIK3CA,3,179148114,179240093,+
ENSG00000051382,PIK3CB,3,138652699,138834938,-
ENSG00000145675,PIK3R1,5,68215720,68301821,+
ENSG00000137193,PIM1,6,37170203,37175426,+
ENSG00000181690,PLAG1,8,56160904,56211324,-
ENSG00000124181,PLCG1,20,41136960,41196801,+
ENSG00000140464,PML,15,73994673,74047812,+
ENSG00000064933,PMS1,2,189784085,189877629,+
ENSG00000122512,PMS2,7,5973239,6009125,-
ENSG00000062822,POLD1,19,50384204,50418016,+
ENSG00000177084,POLE,12,132623753,132687365,-
ENSG00000140521,POLG,15,89305198,89334861,-
ENSG00000051341,POLQ,3,121431427,121546641,-
ENSG00000128513,POT1,7,124822386,124929983,-
ENSG00000110777,POU2AF1,11,111352252,111455630,-
ENSG00000204531,POU5F1,6,31164337,31180731,-
ENSG00000132170,PPARG,3,12287368,12434356,+
ENSG00000110841,PPFIBP1,12,27523431,27695564,+
ENSG00000170836,PPM1D,17,60600183,60666280,+
ENSG00000105568,PPP2R1A,19,52190039,52229533,+
ENSG00000119414,PPP6C,9,125146573,125189939,-
ENSG00000143294,PRCC,1,156750610,156800817,+
ENSG00000057657,PRDM1,6,106086320,106109939,+
ENSG00000142611,PRDM16,1,3069168,3438621,+
ENSG00000116731,PRDM2,1,13700198,13825079,+
ENSG00000046889,PREX2,8,67952118,68237030,+
ENSG00000180644,PRF1,10,70597348,70602775,-
ENSG00000072062,PRKACA,19,14091688,14118084,-
ENSG00000108946,PRKAR1A,17,68511780,68551319,+
ENSG00000166501,PRKCB,16,23835946,24220611,+
ENSG00000110844,PRPF40B,12,49568218,49644666,+
ENSG00000116132,PRRX1,1,170662728,170739419,+
ENSG00000164985,PSIP1,9,15464066,15511019,-
ENSG00000185920,PTCH1,9,95442980,95517057,-
ENSG00000171862,PTEN,10,87863113,87971930,+
ENSG00000101213,PTK6,20,63528001,63537370,-
ENSG00000179295,PTPN11,12,112418351,112509913,+
ENSG00000163629,PTPN13,4,86594315,86815171,+
ENSG00000111679,PTPN6,12,6946468,6961316,+
ENSG00000127329,PTPRB,12,70515866,70637440,-
ENSG00000081237,PTPRC,1,198638457,198757476,+
ENSG00000153707,PTPRD,9,8314246,10612723,-
ENSG00000152894,PTPRK,6,127968779,128520674,-
ENSG00000196090,PTPRT,20,42072752,43189970,-
ENSG00000170234,PWWP2A,5,160061801,160119423,-
ENSG00000112531,QKI,6,163414000,163578596,+
ENSG00000029725,RABEP1,17,5282265,5385812,+
ENSG00000136238,RAC1,7,6374523,6403977,+
ENSG00000152942,RAD17,5,69369293,69414801,+
ENSG00000164754,RAD21,8,116845935,116874866,-
ENSG00000182185,RAD51B,14,67819779,68730218,+
ENSG00000132155,RAF1,3,12583601,12664226,-
ENSG00000160271,RALGDS,9,133097720,133149334,-
ENSG00000153201,RANBP2,2,108719481,108785811,+
ENSG00000138698,RAP1GDS1,4,98261384,98443861,+
ENSG00000131759,RARA,17,40309192,40357643,+
ENSG00000139687,RB1,13,48303726,48599436,+
ENSG00000182872,RBM10,X,47144869,47186813,+
ENSG00000162775,RBM15,1,110338506,110346681,+
ENSG00000160957,RECQL4,8,144511288,144517845,-
ENSG00000162924,REL,2,60881521,60931610,+
ENSG00000165731,RET,10,43077027,43130351,+
ENSG00000168411,RFWD3,16,74621394,74666881,-
ENSG00000153165,RGPD3,2,106391290,106468376,-
ENSG00000182901,RGS7,1,240775515,241357230,-
ENSG00000067560,RHOA,3,49359145,49412998,-
ENSG00000168421,RHOH,4,40191053,40246967,+
ENSG00000175643,RMI2,16,11249619,11351762,+
ENSG00000173821,RNF213,17,80260866,80398786,+
ENSG00000108375,RNF43,17,58352500,58417595,-
ENSG00000185008,ROBO2,3,75906695,77649964,+
ENSG00000047936,ROS1,6,117288300,117425855,-
ENSG00000147403,RPL10,X,154389955,154409168,+
ENSG00000116251,RPL22,1,6181269,6209389,-
ENSG00000122406,RPL5,1,92831983,92841924,+
ENSG00000163902,RPN1,3,128619970,128681075,-
ENSG00000147655,RSPO2,8,107899316,108083648,-
ENSG00000146374,RSPO3,6,127118604,127197765,+
ENSG00000048471,RUNDC2A,16,11976737,12574289,+
ENSG00000159216,RUNX1,21,34787801,36004667,-
ENSG00000079102,RUNX1T1,8,91954967,92103286,-
ENSG00000143556,S100A7,1,153457744,153460701,-
ENSG00000101115,SALL4,20,51782331,51802520,-
ENSG00000126524,SBDS,7,66987677,66995601,-
ENSG00000124145,SDC4,20,45325288,45348424,-
ENSG00000073578,SDHA,5,218241,256700,+
ENSG00000167985,SDHAF2,11,61430042,61447529,+
ENSG00000117118,SDHB,1,17018722,17054170,-
ENSG00000143252,SDHC,1,161314257,161375340,+
ENSG00000204370,SDHD,11,112086773,112120013,+
ENSG00000184702,SEPT5,22,19714464,19724224,+
ENSG00000125354,SEPT6,X,119615724,119693370,-
ENSG00000184640,SEPT9,17,77280569,77500596,+
ENSG00000119335,SET,9,128683424,128696400,+
ENSG00000152217,SETBP1,18,44680173,45068510,+
ENSG00000139718,SETD1B,12,121804180,121832584,+
ENSG00000181555,SETD2,3,47016429,47163967,-
ENSG00000143379,SETDB1,1,150926263,150964744,+
ENSG00000115524,SF3B1,2,197389784,197435091,-
ENSG00000116560,SFPQ,1,35176378,35193148,-
ENSG00000106483,SFRP4,7,37905932,38025695,-
ENSG00000118515,SGK1,6,134169246,134318112,-
ENSG00000111252,SH2B3,12,111405948,111451623,+
ENSG00000141985,SH3GL1,19,4360370,4400547,-
ENSG00000198053,SIRPA,20,1894167,1940592,+
ENSG00000126778,SIX1,14,60643415,60658259,-
ENSG00000170577,SIX2,2,45005161,45009430,-
ENSG00000157933,SKI,1,2228695,2310119,+
ENSG00000157765,SLC34A2,4,25648011,25678748,+
ENSG00000158715,SLC45A3,1,205657851,205680459,-
ENSG00000175387,SMAD2,18,47808957,47931146,-
ENSG00000166949,SMAD3,15,67063763,67195195,+
ENSG00000141646,SMAD4,18,51028394,51085045,+
ENSG00000127616,SMARCA4,19,10960825,11079426,+
ENSG00000099956,SMARCB1,22,23786931,23838008,+
ENSG00000066117,SMARCD1,12,50084972,50100712,+
ENSG00000073584,SMARCE1,17,40624962,40648864,-
ENSG00000072501,SMC1A,X,53374149,53422728,-
ENSG00000128602,SMO,7,129188872,129213545,+
ENSG00000197157,SND1,7,127652180,128092609,+
ENSG00000185338,SOCS1,16,11254405,11256200,-
ENSG00000181449,SOX2,3,181711924,181714436,+
ENSG00000125285,SOX21,13,94709622,94712399,-
ENSG00000128487,SPECC1,17,20009344,20319026,+
ENSG00000065526,SPEN,1,15847864,15940460,+
ENSG00000121067,SPOP,17,49598884,49678234,-
ENSG00000197122,SRC,20,37344685,37406050,+
ENSG00000196220,SRGAP3,3,8980591,9363053,-
ENSG00000161547,SRSF2,17,76734115,76737374,-
ENSG00000112081,SRSF3,6,36594353,36605600,+
ENSG00000141380,SS18,18,26016253,26091217,-
ENSG00000184402,SS18L1,20,62143795,62182484,+
ENSG00000126752,SSX1,X,48255317,48267444,+
ENSG00000241476,SSX2,X,52696896,52707189,-
ENSG00000268009,SSX4,X,48383516,48393347,+
ENSG00000118007,STAG1,3,136336233,136752403,-
ENSG00000101972,STAG2,X,123960212,124422664,+
ENSG00000168610,STAT3,17,42313324,42388568,-
ENSG00000173757,STAT5B,17,42199168,42276707,-
ENSG00000166888,STAT6,12,57095408,57132139,-
ENSG00000123473,STIL,1,47250139,47314147,-
ENSG00000118046,STK11,19,1177558,1228435,+
ENSG00000115808,STRN,2,36843640,36966472,-
ENSG00000107882,SUFU,10,102503987,102633535,+
ENSG00000178691,SUZ12,17,31937018,32001045,+
ENSG00000165025,SYK,9,90801787,90898549,+
ENSG00000270647,TAF15,17,35713791,35864615,+
ENSG00000162367,TAL1,1,47216290,47232220,-
ENSG00000186051,TAL2,9,105662457,105663112,+
ENSG00000177565,TBL1XR1,3,177019340,177228000,-
ENSG00000135111,TBX3,12,114670254,114684164,-
ENSG00000187735,TCEA1,8,53966552,54022529,-
ENSG00000140262,TCF12,15,56918623,57299281,+
ENSG00000071564,TCF3,19,1609290,1652605,-
ENSG00000148737,TCF7L2,10,112950250,113167678,+
ENSG00000100721,TCL1A,14,95709967,95714196,-
ENSG00000135605,TEC,4,48135783,48269864,-
ENSG00000164362,TERT,5,1253147,1295069,-
ENSG00000138336,TET1,10,68560656,68694482,+
ENSG00000168769,TET2,4,105145875,105279816,+
ENSG00000068323,TFE3,X,49028726,49043486,-
ENSG00000112561,TFEB,6,41683978,41736259,-
ENSG00000114354,TFG,3,100709331,100748966,+
ENSG00000105619,TFPT,19,54107013,54115675,-
ENSG00000072274,TFRC,3,196027183,196082189,-
ENSG00000163513,TGFBR2,3,30606502,30694142,+
ENSG00000054118,THRAP3,1,36224416,36305357,+
ENSG00000107807,TLX1,10,101130505,101137789,+
ENSG00000164438,TLX3,5,171309284,171312134,+
ENSG00000135956,TMEM127,2,96248516,96265994,-
ENSG00000184012,TMPRSS2,21,41464551,41531116,-
ENSG00000041982,TNC,9,115019578,115118257,-
ENSG00000118503,TNFAIP3,6,137867188,137883312,+
ENSG00000157873,TNFRSF14,1,2555639,2565382,+
ENSG00000048462,TNFRSF17,16,11965107,11968068,+
ENSG00000198900,TOP1,20,41028818,41124487,+
ENSG00000141510,TP53,17,7661779,7687550,-
ENSG00000073282,TP63,3,189631416,189897279,+
ENSG00000143549,TPM3,1,154155304,154194648,-
ENSG00000167460,TPM4,19,16067021,16103005,+
ENSG00000047410,TPR,1,186311652,186375693,-
ENSG00000131653,TRAF7,16,2155698,2178129,+
ENSG00000122779,TRIM24,7,138460334,138589993,+
ENSG00000204713,TRIM27,6,28903002,28923989,-
ENSG00000197323,TRIM33,1,114392777,114511160,-
ENSG00000100815,TRIP11,14,91965991,92040896,-
ENSG00000196367,TRRAP,7,98877933,99050831,+
ENSG00000165699,TSC1,9,132891348,132946874,-
ENSG00000103197,TSC2,16,2047465,2089487,+
ENSG00000165409,TSHR,14,80954989,81146302,+
ENSG00000160201,U2AF1,21,43092956,43107587,-
ENSG00000104517,UBR5,8,102253012,102412841,-
ENSG00000136014,USP44,12,95516560,95551490,-
ENSG00000129204,USP6,17,5116438,5175034,+
ENSG00000138592,USP8,15,50424380,50514419,+
ENSG00000141968,VAV1,19,6772714,6857366,+
ENSG00000134086,VHL,3,10141008,10152220,+
ENSG00000151532,VTI1A,10,112446998,112818744,+
ENSG00000015285,WAS,X,48676596,48691427,+
ENSG00000109685,WHSC1,4,1871424,1982207,+
ENSG00000147548,WHSC1L1,8,38269697,38382272,-
ENSG00000156076,WIF1,12,65050626,65121566,-
ENSG00000165238,WNK2,9,93184916,93320572,+
ENSG00000165392,WRN,8,31033801,31173769,+
ENSG00000184937,WT1,11,32387775,32435630,-
ENSG00000018408,WWTR1,3,149517235,149736714,-
ENSG00000136936,XPA,9,97674909,97697357,-
ENSG00000154767,XPC,3,14145147,14178783,-
ENSG00000082898,XPO1,2,61477849,61538626,-
ENSG00000108953,YWHAE,17,1344272,1400378,-
ENSG00000109906,ZBTB16,11,114059593,114250676,+
ENSG00000033030,ZCCHC8,12,122471600,122501073,-
ENSG00000148516,ZEB1,10,31318495,31529814,+
ENSG00000140836,ZFHX3,16,72782885,73891871,-
ENSG00000147130,ZMYM3,X,71239624,71255146,-
ENSG00000121741,ZNF198,13,19958670,20091829,+
ENSG00000100105,ZNF278,22,31325804,31346232,-
ENSG00000130844,ZNF331,19,53520981,53580269,+
ENSG00000126746,ZNF384,12,6666477,6689572,-
ENSG00000197013,ZNF429,19,21496682,21556270,+
ENSG00000185177,ZNF479,7,57119614,57139864,-
ENSG00000198795,ZNF521,18,25061926,25352190,-
ENSG00000183579,ZNRF3,22,28883592,29057487,+
ENSG00000169249,ZRSR2,X,15790472,15823260,+
